{
  "Capacity": 48,
  "NewUnitThreshold": 0.2,
  "SubtractRunningMean": false,
  "Mean": null,
  "Prototypes": [
    [
      0.108212374,
      0.25073433,
      0.33974248,
      0.29799402,
      0.28610575,
      0.3223763,
      0.33890322,
      0.32757148,
      0.30231193,
      0.2867076,
      0.2331252,
      0.15760407,
      0.121999756,
      0.13201605,
      0.12071928,
      0.08812476,
      0.06491173,
      0.02700509,
      0.019830834,
      0.022093538
    ],
    [
      0.11999833,
      0.36289948,
      0.44129348,
      0.3373253,
      0.3567041,
      0.30208725,
      0.24690257,
      0.19151482,
      0.16669087,
      0.17045379,
      0.18668802,
      0.19644952,
      0.18516283,
      0.17280336,
      0.13006079,
      0.091031395,
      0.08294815,
      0.037716977,
      0.023835246,
      0.027160434
    ],
    [
      0.25482598,
      0.50291103,
      0.5106765,
      0.4317582,
      0.3027345,
      0.19515704,
      0.14796671,
      0.107984744,
      0.09016425,
      0.08878074,
      0.08835104,
      0.09708451,
      0.1099737,
      0.11342308,
      0.078087024,
      0.049341418,
      0.04895706,
      0.030704329,
      0.026519548,
      0.02953752
    ],
    [
      0.3758015,
      0.3866226,
      0.35695392,
      0.3169267,
      0.31866828,
      0.31136906,
      0.2874401,
      0.23746464,
      0.21520615,
      0.19165362,
      0.14441594,
      0.10366932,
      0.092304856,
      0.087021194,
      0.08108558,
      0.060222372,
      0.041202147,
      0.022487078,
      0.020435363,
      0.019043095
    ],
    [
      0.058345046,
      0.1738441,
      0.5262606,
      0.47841054,
      0.2219499,
      0.3603996,
      0.30305573,
      0.21937054,
      0.19053642,
      0.17051736,
      0.14450684,
      0.12203059,
      0.11190939,
      0.111656345,
      0.0927175,
      0.056824517,
      0.047339354,
      0.021456294,
      0.016521255,
      0.022060148
    ],
    [
      0.49620354,
      0.4911746,
      0.42269474,
      0.33450466,
      0.27960324,
      0.22555034,
      0.1801592,
      0.1348428,
      0.114697896,
      0.0992851,
      0.07626232,
      0.062646896,
      0.059056304,
      0.048466608,
      0.038984183,
      0.027207175,
      0.02195438,
      0.017916983,
      0.017974027,
      0.017264267
    ],
    [
      0.047469355,
      0.1337304,
      0.42806467,
      0.4590782,
      0.22210325,
      0.2796887,
      0.2629987,
      0.1703206,
      0.15367153,
      0.14627531,
      0.17001525,
      0.22552261,
      0.27413794,
      0.28226897,
      0.20865697,
      0.12853557,
      0.12315229,
      0.05848252,
      0.02957547,
      0.031823676
    ],
    [
      0.09035703,
      0.06989407,
      0.06646882,
      0.060969237,
      0.051293127,
      0.05722533,
      0.0622061,
      0.05552118,
      0.061298262,
      0.063358895,
      0.06738779,
      0.08328224,
      0.09841162,
      0.15236434,
      0.22495311,
      0.30557853,
      0.47104517,
      0.50586444,
      0.4140692,
      0.34726176
    ],
    [
      0.13605714,
      0.30921197,
      0.37331104,
      0.3555587,
      0.40863463,
      0.38843948,
      0.34535217,
      0.28274015,
      0.21930489,
      0.1551141,
      0.10310536,
      0.070284344,
      0.060054027,
      0.064769335,
      0.06150761,
      0.04532961,
      0.031157361,
      0.015076182,
      0.0141744455,
      0.015862375
    ],
    [
      0.0333545,
      0.047305856,
      0.07277129,
      0.09553712,
      0.12158047,
      0.16625144,
      0.24738392,
      0.40313137,
      0.46946755,
      0.46726087,
      0.38934144,
      0.21711086,
      0.13844767,
      0.16448233,
      0.13601503,
      0.09266953,
      0.0609232,
      0.027013442,
      0.02079187,
      0.021249833
    ],
    [
      0.27188292,
      0.27845624,
      0.26460716,
      0.23569657,
      0.17898683,
      0.14662582,
      0.14576411,
      0.11951168,
      0.119729005,
      0.11921052,
      0.12714554,
      0.14183414,
      0.17463624,
      0.24600601,
      0.2718246,
      0.3035172,
      0.31758747,
      0.2913508,
      0.27244163,
      0.22820522
    ],
    [
      0.06791269,
      0.18871252,
      0.27721915,
      0.23506442,
      0.31138042,
      0.3814315,
      0.43051025,
      0.41517305,
      0.34082162,
      0.25575134,
      0.14277007,
      0.0683118,
      0.05171232,
      0.070051305,
      0.083074585,
      0.065359004,
      0.040505376,
      0.014232051,
      0.011368303,
      0.01301453
    ],
    [
      0.09632289,
      0.16016586,
      0.22353154,
      0.56222814,
      0.67201304,
      0.2848485,
      0.14440492,
      0.12200115,
      0.09666228,
      0.06567854,
      0.05792781,
      0.05747218,
      0.05453888,
      0.05843646,
      0.0437384,
      0.026293473,
      0.020868324,
      0.015195283,
      0.015575018,
      0.017494464
    ],
    [
      0.09153629,
      0.07977087,
      0.06827406,
      0.06596835,
      0.051256925,
      0.047449876,
      0.06197235,
      0.057731267,
      0.05214875,
      0.060496274,
      0.06356587,
      0.052407447,
      0.052455876,
      0.057431072,
      0.061590917,
      0.07200768,
      0.13005327,
      0.19529551,
      0.4605149,
      0.8178443
    ],
    [
      0.8705151,
      0.38330668,
      0.19001937,
      0.13196097,
      0.0978584,
      0.090817645,
      0.07432954,
      0.064653136,
      0.059176438,
      0.054836143,
      0.04254955,
      0.032065198,
      0.028868925,
      0.026472386,
      0.026331251,
      0.024185313,
      0.022854468,
      0.021500481,
      0.02325451,
      0.023324994
    ],
    [
      0.04783431,
      0.0847106,
      0.196698,
      0.5829062,
      0.44486704,
      0.14553976,
      0.31682074,
      0.29538915,
      0.2026566,
      0.22943813,
      0.17292309,
      0.14782421,
      0.13656123,
      0.14130612,
      0.1087749,
      0.0682121,
      0.055212613,
      0.027142936,
      0.02035292,
      0.02410396
    ],
    [
      0.034013584,
      0.08388953,
      0.1896697,
      0.29068258,
      0.24171582,
      0.24745862,
      0.34996006,
      0.3480525,
      0.32896104,
      0.33392963,
      0.32126886,
      0.25136817,
      0.19033186,
      0.18892097,
      0.16404061,
      0.1146177,
      0.08590974,
      0.038275037,
      0.023408493,
      0.024052707
    ],
    [
      0.06967817,
      0.078732006,
      0.076859154,
      0.087859325,
      0.07694817,
      0.07598764,
      0.122867726,
      0.109107755,
      0.09028799,
      0.10211663,
      0.23986141,
      0.55111986,
      0.61792237,
      0.3060593,
      0.16969395,
      0.12987708,
      0.114842646,
      0.09810315,
      0.07451946,
      0.08512663
    ],
    [
      0.03084764,
      0.08499353,
      0.22516592,
      0.2368121,
      0.18654492,
      0.30876034,
      0.37146646,
      0.42207792,
      0.41880715,
      0.37356734,
      0.2553192,
      0.12192038,
      0.08234714,
      0.10787987,
      0.11899526,
      0.0864926,
      0.054864828,
      0.01909659,
      0.012744905,
      0.013198992
    ],
    [
      0.07510842,
      0.09887137,
      0.1313272,
      0.18060194,
      0.27569327,
      0.16318493,
      0.1703151,
      0.5752003,
      0.63821596,
      0.19325602,
      0.11257661,
      0.061491534,
      0.057968456,
      0.045519978,
      0.045963235,
      0.040165864,
      0.025582122,
      0.019561904,
      0.020171596,
      0.022270074
    ],
    [
      0.10684168,
      0.15066819,
      0.21180521,
      0.21025726,
      0.51250094,
      0.718606,
      0.21941474,
      0.09870015,
      0.13131255,
      0.111845575,
      0.051205818,
      0.04937653,
      0.039398324,
      0.035337303,
      0.030268988,
      0.022019498,
      0.018198675,
      0.012028846,
      0.01252199,
      0.015198537
    ],
    [
